{
  "data" : [
    {
      "name" : "add_assignment",
      "turns" : [
        {
          "user" : "I'd like to add an assignment. ",
          "entities" : [
            {
              "entity" : "add",
              "value" : "\"add\"",
              "start" : 12,
              "end" : 15
            }
          ],
          "operations" : [
            {
              "action" : "merge"
            },
            {
              "branches" : [
                {
                  "predicates" : [
                    {
                      "name" : "add",
                      "negative" : false
                    }
                  ],
                  "operations" : [
                    {
                      "action" : "template-Okay! In what class would you like to add this assignment to? "
                    }
                  ],
                  "turns" : [
                    {
                      "user" : "to History. ",
                      "entities" : [
                        {
                          "entity" : "class",
                          "value" : "\"History\"",
                          "start" : 3,
                          "end" : 10
                        }
                      ],
                      "operations" : [
                        {
                          "action" : "merge"
                        },
                        {
                          "action" : "template-Sounds good. What's the name of this {class} assignment? "
                        }
                      ]
                    },
                    {
                      "user" : "Essay",
                      "entities" : [
                        {
                          "entity" : "assignment_name",
                          "value" : "\"Essay\"",
                          "start" : 0,
                          "end" : 5
                        }
                      ],
                      "operations" : [
                        {
                          "action" : "merge"
                        },
                        {
                          "action" : "template-A/An {assignment_name}? Sounds good. What's the due-date of this {class} assignment? "
                        }
                      ]
                    },
                    {
                      "user" : "Tomorrow at 6pm.",
                      "entities" : [
                        {
                          "entity" : "datetime",
                          "value" : "\"2017-03-05T18:00:00.000-08:00\"",
                          "start" : 0,
                          "end" : 15
                        }
                      ],
                      "operations" : [
                        {
                          "action" : "merge"
                        },
                        {
                          "action" : "function-add_class"
                        },
                        {
                          "action" : "template-A/An {class} {assignment_name}, due on {datetime}? Fantastic. This assignment has been formally saved to your account. "
                        },
                        {
                          "action" : "function-clear_context"
                        }
                      ]
                    }
                  ]
                }
              ]
            }
          ]
        }
      ]
    },
    {
      "name" : "display_by_class",
      "turns" : [
        {
          "user" : "Can you display all the assignments associated with Calculus?",
          "entities" : [
            {
              "entity" : "display_assignments_by_class",
              "value" : "\"Can you display all the assignments associated with Calculus?\""
            },
            {
              "entity" : "class",
              "value" : "\"Calculus\"",
              "start" : 52,
              "end" : 60
            }
          ],
          "operations" : [
            {
              "action" : "merge"
            },
            {
              "branches" : [
                {
                  "predicates" : [
                    {
                      "name" : "display_assignments_by_class",
                      "negative" : false
                    }
                  ],
                  "operations" : [
                    {
                      "action" : "function-display_assignments_by_class"
                    },
                    {
                      "branches" : [
                        {
                          "predicates" : [
                            {
                              "name" : "pretty_response",
                              "negative" : false
                            }
                          ],
                          "operations" : [
                            {
                              "action" : "template-{pretty_response}"
                            },
                            {
                              "action" : "function-clear_context"
                            }
                          ]
                        },
                        {
                          "predicates" : [
                            {
                              "name" : "empty",
                              "negative" : false
                            }
                          ],
                          "operations" : [
                            {
                              "action" : "template-You don't have any assignments to work on in that class!"
                            },
                            {
                              "action" : "function-clear_context"
                            }
                          ]
                        }
                      ]
                    }
                  ]
                }
              ]
            }
          ]
        }
      ]
    },
    {
      "name" : "display_by_type",
      "turns" : [
        {
          "user" : "Can you display all the assignments which are a quiz?",
          "entities" : [
            {
              "entity" : "assignment_name",
              "value" : "\"Quiz\"",
              "start" : 0,
              "end" : 4
            },
            {
              "entity" : "display_assignments_by_type",
              "value" : "\"Can you display all the assignmets which are a quiz?\"",
              "start" : 48,
              "end" : 52
            }
          ],
          "operations" : [
            {
              "action" : "merge"
            },
            {
              "branches" : [
                {
                  "predicates" : [
                    {
                      "name" : "display_assignments_by_type",
                      "negative" : false
                    }
                  ],
                  "operations" : [
                    {
                      "action" : "function-display_assignments_by_type"
                    },
                    {
                      "branches" : [
                        {
                          "predicates" : [
                            {
                              "name" : "pretty_response",
                              "negative" : false
                            }
                          ],
                          "operations" : [
                            {
                              "action" : "template-{pretty_response}"
                            },
                            {
                              "action" : "function-clear_context"
                            }
                          ]
                        },
                        {
                          "predicates" : [
                            {
                              "name" : "empty",
                              "negative" : false
                            }
                          ],
                          "operations" : [
                            {
                              "action" : "template-You don't have any assignments of that type to work on!"
                            },
                            {
                              "action" : "function-clear_context"
                            }
                          ]
                        }
                      ]
                    }
                  ]
                }
              ]
            }
          ]
        }
      ]
    },
    {
      "name" : "display_by_date",
      "turns" : [
        {
          "user" : "Can you display all assignments due a week from now?",
          "entities" : [
            {
              "entity" : "display_assignments_by_date",
              "value" : "\"Can you display all assignments due a week from now?\""
            },
            {
              "entity" : "datetime",
              "value" : "\"2017-03-11T00:00:00.000-06:00\"",
              "start" : 36,
              "end" : 51
            }
          ],
          "operations" : [
            {
              "action" : "merge"
            },
            {
              "branches" : [
                {
                  "predicates" : [
                    {
                      "name" : "display_assignments_by_date",
                      "negative" : false
                    }
                  ],
                  "operations" : [
                    {
                      "action" : "function-display_assignments_by_date"
                    },
                    {
                      "branches" : [
                        {
                          "predicates" : [
                            {
                              "name" : "pretty_response",
                              "negative" : false
                            }
                          ],
                          "operations" : [
                            {
                              "action" : "template-{pretty_response}"
                            },
                            {
                              "action" : "function-clear_context"
                            }
                          ]
                        },
                        {
                          "predicates" : [
                            {
                              "name" : "empty",
                              "negative" : false
                            }
                          ],
                          "operations" : [
                            {
                              "action" : "template-You don't have any assignments to work on in that time range!"
                            },
                            {
                              "action" : "function-clear_context"
                            }
                          ]
                        }
                      ]
                    }
                  ]
                }
              ]
            }
          ]
        }
      ]
    },
    {
      "name" : "display_all",
      "turns" : [
        {
          "user" : "Display all assignments. ",
          "entities" : [
            {
              "entity" : "display_all_assignments",
              "value" : "\"Display all assignments.\"",
              "start" : 0,
              "end" : 24
            }
          ],
          "operations" : [
            {
              "action" : "merge"
            },
            {
              "branches" : [
                {
                  "predicates" : [
                    {
                      "name" : "display_all_assignments",
                      "negative" : false
                    }
                  ],
                  "operations" : [
                    {
                      "action" : "function-display_all_assignments"
                    },
                    {
                      "branches" : [
                        {
                          "predicates" : [
                            {
                              "name" : "pretty_response",
                              "negative" : false
                            }
                          ],
                          "operations" : [
                            {
                              "action" : "template-{pretty_response}"
                            },
                            {
                              "action" : "function-clear_context"
                            }
                          ]
                        },
                        {
                          "predicates" : [
                            {
                              "name" : "empty",
                              "negative" : false
                            }
                          ],
                          "operations" : [
                            {
                              "action" : "template-You don't have any assignments to work on!"
                            },
                            {
                              "action" : "function-clear_context"
                            }
                          ]
                        }
                      ]
                    }
                  ]
                }
              ]
            }
          ]
        }
      ]
    },
    {
      "name" : "delete_assignment_complete",
      "turns" : [
        {
          "user" : "Delete Calculus test on March 3rd 2017",
          "entities" : [
            {
              "entity" : "delete",
              "value" : "\"delete\"",
              "start" : 0,
              "end" : 6
            },
            {
              "entity" : "class",
              "value" : "\"Calculus\"",
              "start" : 7,
              "end" : 15
            },
            {
              "entity" : "assignment_name",
              "value" : "\"Test\"",
              "start" : 16,
              "end" : 20
            },
            {
              "entity" : "datetime",
              "value" : "\"2017-03-03T00:00:00.000-06:00\"",
              "start" : 21,
              "end" : 38
            }
          ],
          "operations" : [
            {
              "action" : "merge"
            },
            {
              "branches" : [
                {
                  "predicates" : [
                    {
                      "name" : "delete",
                      "negative" : false
                    }
                  ],
                  "operations" : [
                    {
                      "action" : "function-delete_assignment"
                    },
                    {
                      "branches" : [
                        {
                          "predicates" : [
                            {
                              "name" : "pretty_response",
                              "negative" : false
                            }
                          ],
                          "operations" : [
                            {
                              "action" : "template-Sure, I've removed it! Here are the assignments you have remaining: {pretty_response}"
                            },
                            {
                              "action" : "function-clear_context"
                            }
                          ]
                        },
                        {
                          "predicates" : [
                            {
                              "name" : "did_not_delete",
                              "negative" : false
                            }
                          ],
                          "operations" : [
                            {
                              "action" : "function-display_all_assignments"
                            },
                            {
                              "branches" : [
                                {
                                  "predicates" : [
                                    {
                                      "name" : "pretty_response",
                                      "negative" : false
                                    }
                                  ],
                                  "operations" : [
                                    {
                                      "action" : "template-I couldn't find the assignment you wanted to delete. Here is a list of all assignments: {pretty_response}"
                                    },
                                    {
                                      "action" : "function-clear_context"
                                    }
                                  ]
                                },
                                {
                                  "predicates" : [
                                    {
                                      "name" : "empty",
                                      "negative" : false
                                    }
                                  ],
                                  "operations" : [
                                    {
                                      "action" : "template-I couldn't find the assignment you were trying to delete. It looks like you don't have any assignments saved!"
                                    },
                                    {
                                      "action" : "function-clear_context"
                                    }
                                  ]
                                }
                              ]
                            }
                          ]
                        },
                        {
                          "predicates" : [
                            {
                              "name" : "empty",
                              "negative" : false
                            }
                          ],
                          "operations" : [
                            {
                              "action" : "template-I deleted that assignment, you don't have any other assignments to work on!"
                            },
                            {
                              "action" : "function-clear_context"
                            }
                          ]
                        }
                      ]
                    }
                  ]
                }
              ]
            }
          ]
        }
      ]
    },
    {
      "name" : "add_assignment_one_shot",
      "turns" : [
        {
          "user" : "Add a calculus test due in two weeks",
          "entities" : [
            {
              "entity" : "add",
              "value" : "\"add\"",
              "start" : 0,
              "end" : 3
            },
            {
              "entity" : "class",
              "value" : "\"Calculus\"",
              "start" : 6,
              "end" : 14
            },
            {
              "entity" : "assignment_name",
              "value" : "\"Test\"",
              "start" : 15,
              "end" : 19
            },
            {
              "entity" : "datetime",
              "value" : "\"2017-03-19T00:00:00.000-05:00\"",
              "start" : 24,
              "end" : 36
            }
          ],
          "operations" : [
            {
              "action" : "merge"
            },
            {
              "branches" : [
                {
                  "predicates" : [
                    {
                      "name" : "add",
                      "negative" : false
                    }
                  ],
                  "operations" : [
                    {
                      "action" : "function-add_class"
                    },
                    {
                      "action" : "template-A/An {class} {assignment_name}, due on {datetime}? Fantastic. This assignment has been formally saved to your account. "
                    },
                    {
                      "action" : "function-clear_context"
                    }
                  ]
                }
              ]
            }
          ]
        }
      ]
    },
    {
      "name" : "delete_assignment",
      "turns" : [
        {
          "user" : "I want to delete an assignment.",
          "entities" : [
            {
              "entity" : "delete",
              "value" : "\"delete\"",
              "start" : 10,
              "end" : 16
            }
          ],
          "operations" : [
            {
              "action" : "merge"
            },
            {
              "branches" : [
                {
                  "predicates" : [
                    {
                      "name" : "delete",
                      "negative" : false
                    }
                  ],
                  "operations" : [
                    {
                      "action" : "template-Sure! For which course?"
                    }
                  ],
                  "turns" : [
                    {
                      "user" : "Calculus",
                      "entities" : [
                        {
                          "entity" : "class",
                          "value" : "\"Calculus\"",
                          "start" : 0,
                          "end" : 8
                        }
                      ],
                      "operations" : [
                        {
                          "action" : "merge"
                        },
                        {
                          "action" : "template-Alright. For which assignment?"
                        }
                      ]
                    },
                    {
                      "user" : "The Exam",
                      "entities" : [
                        {
                          "entity" : "assignment_name",
                          "value" : "\"exam\"",
                          "start" : 4,
                          "end" : 8
                        }
                      ],
                      "operations" : [
                        {
                          "action" : "merge"
                        },
                        {
                          "action" : "template-Okay. Final question: when was it due?"
                        }
                      ]
                    },
                    {
                      "user" : "March 23",
                      "entities" : [
                        {
                          "entity" : "datetime",
                          "value" : "\"2017-03-23T00:00:00.000-05:00\"",
                          "start" : 0,
                          "end" : 8
                        }
                      ],
                      "operations" : [
                        {
                          "action" : "merge"
                        },
                        {
                          "action" : "function-delete_assignment"
                        },
                        {
                          "branches" : [
                            {
                              "predicates" : [
                                {
                                  "name" : "pretty_response",
                                  "negative" : false
                                }
                              ],
                              "operations" : [
                                {
                                  "action" : "template-Sure, I've removed it! Here are the assignments you have remaining: {pretty_response}"
                                },
                                {
                                  "action" : "function-clear_context"
                                }
                              ]
                            },
                            {
                              "predicates" : [
                                {
                                  "name" : "empty",
                                  "negative" : false
                                }
                              ],
                              "operations" : [
                                {
                                  "action" : "template-I deleted that assignment, you don't have any other assignments to work on!"
                                },
                                {
                                  "action" : "function-clear_context"
                                }
                              ]
                            },
                            {
                              "predicates" : [
                                {
                                  "name" : "did_not_delete",
                                  "negative" : false
                                }
                              ],
                              "operations" : [
                                {
                                  "action" : "function-display_all_assignments"
                                },
                                {
                                  "branches" : [
                                    {
                                      "predicates" : [
                                        {
                                          "name" : "pretty_response",
                                          "negative" : false
                                        }
                                      ],
                                      "operations" : [
                                        {
                                          "action" : "template-I couldn't find the assignment you wanted to delete. Here is a list of all assignments: {pretty_response}"
                                        },
                                        {
                                          "action" : "function-clear_context"
                                        }
                                      ]
                                    },
                                    {
                                      "predicates" : [
                                        {
                                          "name" : "empty",
                                          "negative" : false
                                        }
                                      ],
                                      "operations" : [
                                        {
                                          "action" : "template-I couldn't find the assignment you were trying to delete. It looks like you don't have any assignments saved!"
                                        },
                                        {
                                          "action" : "function-clear_context"
                                        }
                                      ]
                                    }
                                  ]
                                }
                              ]
                            }
                          ]
                        }
                      ]
                    }
                  ]
                }
              ]
            }
          ]
        }
      ]
    },
    {
      "name" : "",
      "turns" : [
        {
          "user" : "Assist me",
          "entities" : [
            {
              "entity" : "information_needed",
              "value" : "\"Assist me\"",
              "start" : 0,
              "end" : 9
            }
          ],
          "operations" : [
            {
              "action" : "merge"
            },
            {
              "branches" : [
                {
                  "predicates" : [
                    {
                      "name" : "information_needed",
                      "negative" : false
                    }
                  ],
                  "operations" : [
                    {
                      "action" : "template-Hi! You're using a project created by Sai Pathuri and Abhi Mahajan at HackUTD '17. This project basically allow you to store academic assignment 'to-do' lists on your phone. These assignments must have the following information attached to it: class ('Calculus'), type ('Exam'), and due-date ('March 23, 2017'). You can also ask to have currently saved assignments listed. We heavily utilize natural language understanding in this project, so feel free to format your requests in a wide variety of ways. Here are some requests you can make using this software: \"Microbiology homework is due in 2 weeks\", \"show all assignments due\", \"show all assignments due in a month\", \"show all projects due\", \"send me an inspirational quote\". Again, we have heavily trained this model to comply with 'normal' english, so feel free to explore the boundaries of it. Finally, we've also included one extra 'fun' function!"
                    },
                    {
                      "action" : "template-Specifically, the ability to text a request for a motivational quote, and to recieve a markov-chain derived quote. This quote is completely procedurally generated on the spot, and will be different every time you request it! Just type 'send me a quote', or something similar, to try it out."
                    }
                  ]
                }
              ]
            }
          ]
        }
      ]
    }
  ]
}