{
  "data" : {
    "lookups" : [
      "free-text",
      "keywords"
    ],
    "name" : "assignment_name",
    "lang" : "en",
    "exotic" : false,
    "id" : "assignment_name",
    "values" : [
      {
        "value" : "Essay",
        "expressions" : [
          "Essay",
          "essays",
          "paper",
          "papers"
        ]
      },
      {
        "value" : "Homework",
        "expressions" : [
          "Homework",
          "homework"
        ]
      },
      {
        "value" : "Project",
        "expressions" : [
          "Project",
          "projects"
        ]
      },
      {
        "value" : "Quiz",
        "expressions" : [
          "Can ",
          "Quiz",
          "quizzes"
        ]
      },
      {
        "value" : "Test",
        "expressions" : [
          "Test",
          "exam",
          "exams",
          "tests"
        ]
      },
      {
        "value" : "exam",
        "expressions" : [
          "Exam"
        ]
      }
    ],
    "doc" : "User-defined entity",
    "builtin" : false
  }
}