{
  "data" : {
    "lookups" : [
      "free-text",
      "keywords",
      "trait"
    ],
    "name" : "class",
    "lang" : "en",
    "exotic" : false,
    "id" : "class",
    "values" : [
      {
        "value" : "101",
        "expressions" : [
          "101"
        ]
      },
      {
        "value" : "2",
        "expressions" : [
          "computer science 2"
        ]
      },
      {
        "value" : "Abstract",
        "expressions" : [
          "Abstract"
        ]
      },
      {
        "value" : "Algebra",
        "expressions" : [
          "Algebra"
        ]
      },
      {
        "value" : "Architecture",
        "expressions" : [
          "architecture"
        ]
      },
      {
        "value" : "Business"
      },
      {
        "value" : "Calculus",
        "expressions" : [
          "Calculus"
        ]
      },
      {
        "value" : "Chemistry",
        "expressions" : [
          "Chemistry"
        ]
      },
      {
        "value" : "Discrete",
        "expressions" : [
          "Discrete"
        ]
      },
      {
        "value" : "Economics",
        "expressions" : [
          "Economics"
        ]
      },
      {
        "value" : "Ethics",
        "expressions" : [
          "Ethics"
        ]
      },
      {
        "value" : "Finance"
      },
      {
        "value" : "History",
        "expressions" : [
          "History"
        ]
      },
      {
        "value" : "Linear",
        "expressions" : [
          "Linear"
        ]
      },
      {
        "value" : "Micro",
        "expressions" : [
          "micro"
        ]
      },
      {
        "value" : "Organic",
        "expressions" : [
          "Organic"
        ]
      },
      {
        "value" : "Organic Chem",
        "expressions" : [
          "Organic Chem"
        ]
      },
      {
        "value" : "Organic Microbiology",
        "expressions" : [
          "Organic Microbiology"
        ]
      },
      {
        "value" : "Physics",
        "expressions" : [
          "Physics"
        ]
      },
      {
        "value" : "Sociology"
      },
      {
        "value" : "Studies",
        "expressions" : [
          "Studies"
        ]
      },
      {
        "value" : "algorithms",
        "expressions" : [
          "algorithms"
        ]
      },
      {
        "value" : "analysis",
        "expressions" : [
          "analysis"
        ]
      },
      {
        "value" : "artifical",
        "expressions" : [
          "artifical"
        ]
      },
      {
        "value" : "basic",
        "expressions" : [
          "basic"
        ]
      },
      {
        "value" : "biology",
        "expressions" : [
          "biology"
        ]
      },
      {
        "value" : "circuits",
        "expressions" : [
          "circuits"
        ]
      },
      {
        "value" : "computer"
      },
      {
        "value" : "data",
        "expressions" : [
          "data"
        ]
      },
      {
        "value" : "digital",
        "expressions" : [
          "digital"
        ]
      },
      {
        "value" : "dynamic",
        "expressions" : [
          "dynamic"
        ]
      },
      {
        "value" : "electrical",
        "expressions" : [
          "electrical"
        ]
      },
      {
        "value" : "engineering",
        "expressions" : [
          "engineering"
        ]
      },
      {
        "value" : "english",
        "expressions" : [
          "english"
        ]
      },
      {
        "value" : "general",
        "expressions" : [
          "general"
        ]
      },
      {
        "value" : "intelligence",
        "expressions" : [
          "intelligence"
        ]
      },
      {
        "value" : "macro",
        "expressions" : [
          "macro"
        ]
      },
      {
        "value" : "math",
        "expressions" : [
          "math"
        ]
      },
      {
        "value" : "molecular",
        "expressions" : [
          "molecular"
        ]
      },
      {
        "value" : "multivariable",
        "expressions" : [
          "multivariable"
        ]
      },
      {
        "value" : "natural",
        "expressions" : [
          "natural"
        ]
      },
      {
        "value" : "network",
        "expressions" : [
          "network"
        ]
      },
      {
        "value" : "physical",
        "expressions" : [
          "physical"
        ]
      },
      {
        "value" : "psychology"
      },
      {
        "value" : "science"
      },
      {
        "value" : "signals",
        "expressions" : [
          "signals"
        ]
      },
      {
        "value" : "structures",
        "expressions" : [
          "structures"
        ]
      },
      {
        "value" : "systems",
        "expressions" : [
          "systems"
        ]
      },
      {
        "value" : "thermodynamics",
        "expressions" : [
          "thermodynamics"
        ]
      }
    ],
    "doc" : "User-defined entity",
    "builtin" : false
  }
}