{
  "data" : {
    "lookups" : [
      "free-text",
      "keywords",
      "trait"
    ],
    "name" : "display_assignments_by_type",
    "lang" : "en",
    "exotic" : false,
    "id" : "display_assignments_by_type",
    "values" : [
      {
        "value" : "Can you display all assignments that are projects?",
        "expressions" : [
          "are"
        ]
      },
      {
        "value" : "Can you display all the assignmets which are a quiz?",
        "expressions" : [
          "quiz"
        ]
      },
      {
        "value" : "Can you show me all projects?",
        "expressions" : [
          "me"
        ]
      },
      {
        "value" : "Display all assignments that are quizzes.",
        "expressions" : [
          "that"
        ]
      },
      {
        "value" : "Display all assignments that are tests. "
      },
      {
        "value" : "Display all assignments that's a quiz.",
        "expressions" : [
          "Display all assignments that's a quiz"
        ]
      },
      {
        "value" : "Display all assignments that's a quiz?",
        "expressions" : [
          "Display all assignments that's a quiz",
          "Display all assignments that's a quiz?"
        ]
      },
      {
        "value" : "Display all assignments which are tests"
      },
      {
        "value" : "Display all homework I have. "
      },
      {
        "value" : "Display all homework due. "
      },
      {
        "value" : "Display all homework. "
      },
      {
        "value" : "Display all homeworks. "
      },
      {
        "value" : "Display all projects."
      },
      {
        "value" : "Display all tests."
      },
      {
        "value" : "Display all the homework I have due. "
      },
      {
        "value" : "Please display all assignments which are tests."
      },
      {
        "value" : "Please show me all tests.",
        "expressions" : [
          "me"
        ]
      },
      {
        "value" : "Show me all assignments that are a quiz."
      },
      {
        "value" : "What assignments do I have that are homework?"
      },
      {
        "value" : "What homework do I have due?"
      },
      {
        "value" : "What homework do I have?",
        "expressions" : [
          "have"
        ]
      },
      {
        "value" : "What homework is due?",
        "expressions" : [
          " "
        ]
      },
      {
        "value" : "What projects are due?",
        "expressions" : [
          "are"
        ]
      },
      {
        "value" : "What projects do I have due?"
      },
      {
        "value" : "What tests are due?",
        "expressions" : [
          "are"
        ]
      },
      {
        "value" : "What tests do I have?"
      },
      {
        "value" : "Which quizzes do I have?",
        "expressions" : [
          "have"
        ]
      },
      {
        "value" : "show all projects"
      },
      {
        "value" : "show me all the projects I have"
      },
      {
        "value" : "what projects are due"
      }
    ],
    "doc" : "User-defined entity",
    "builtin" : false
  }
}