{
  "data" : {
    "lookups" : [
      "trait"
    ],
    "name" : "display_assignments_by_class",
    "lang" : "en",
    "exotic" : false,
    "id" : "display_assignments_by_class",
    "values" : [
      {
        "value" : "All assignments due in calculus",
        "expressions" : [
          "due"
        ]
      },
      {
        "value" : "Can you display all the assignments associated with Calculus?"
      },
      {
        "value" : "Display all assignments in Linear Algebra"
      },
      {
        "value" : "Display all assignments in Physics.",
        "expressions" : [
          "assignments"
        ]
      },
      {
        "value" : "Show all assignments in Calculus."
      },
      {
        "value" : "Show me all Calculus assignments. ",
        "expressions" : [
          "assignments"
        ]
      },
      {
        "value" : "all assignments due in algebra",
        "expressions" : [
          "due"
        ]
      },
      {
        "value" : "do I have any calculus assignments",
        "expressions" : [
          "any"
        ]
      }
    ],
    "doc" : "User-defined entity",
    "builtin" : false
  }
}