{
  "data" : {
    "lookups" : [
      "trait"
    ],
    "name" : "display_all_assignments",
    "lang" : "en",
    "exotic" : false,
    "id" : "display_all_assignments",
    "values" : [
      {
        "value" : "Display all assignments.",
        "expressions" : [
          "Display all assignments."
        ]
      },
      {
        "value" : "Display all of my assignments.",
        "expressions" : [
          "Display all of my assignments.",
          "display all of my assignments"
        ]
      },
      {
        "value" : "Show me all assignments.",
        "expressions" : [
          "all"
        ]
      },
      {
        "value" : "What assignments do I have due?"
      },
      {
        "value" : "What assignments do I have?",
        "expressions" : [
          "v"
        ]
      },
      {
        "value" : "Which assignments are due?",
        "expressions" : [
          "Which assignments are due?"
        ]
      },
      {
        "value" : "Which assignments do I have?"
      },
      {
        "value" : "all of my assignments.",
        "expressions" : [
          "all of my assignments."
        ]
      },
      {
        "value" : "show all assignments"
      }
    ],
    "doc" : "User-defined entity",
    "builtin" : false
  }
}