{
  "data" : {
    "lookups" : [
      "trait"
    ],
    "name" : "display_assignments_by_date",
    "lang" : "en",
    "exotic" : false,
    "id" : "display_assignments_by_date",
    "values" : [
      {
        "value" : "",
        "expressions" : [
          "are",
          "assignments"
        ]
      },
      {
        "value" : "Are there any assignments due tomorrow?",
        "expressions" : [
          "assignments"
        ]
      },
      {
        "value" : "Can you display all assignments due a week from now?"
      },
      {
        "value" : "Display all assignments due a week from today."
      },
      {
        "value" : "Display all assignments due in a month. "
      },
      {
        "value" : "Display all assignments due in a week. ",
        "expressions" : [
          "Display"
        ]
      },
      {
        "value" : "Display all assignments due next month. "
      },
      {
        "value" : "Do i have any assignments next month",
        "expressions" : [
          "assignments"
        ]
      },
      {
        "value" : "Show all assignments due in a week. ",
        "expressions" : [
          "assignments"
        ]
      },
      {
        "value" : "Show all assignments due next week."
      },
      {
        "value" : "What assignments are due in a month?",
        "expressions" : [
          "What"
        ]
      },
      {
        "value" : "What assignments are due tomorrow?",
        "expressions" : [
          "assignments"
        ]
      },
      {
        "value" : "What assignments do I have due tomorrow?"
      },
      {
        "value" : "Which assignments are due in 23 years?"
      },
      {
        "value" : "Which assignments are due in a week?"
      },
      {
        "value" : "Which assignments are due next week?",
        "expressions" : [
          "assignments"
        ]
      },
      {
        "value" : "Which assignments are due tomorrow?",
        "expressions" : [
          "assignments"
        ]
      },
      {
        "value" : "Which assignments do I have due a week from now?"
      },
      {
        "value" : "all assignments due in the next month"
      },
      {
        "value" : "assignments due next week"
      },
      {
        "value" : "display all assignments I have due tomorrow",
        "expressions" : [
          "h"
        ]
      },
      {
        "value" : "do I have any projects next week"
      },
      {
        "value" : "show all assignments due in 12 years",
        "expressions" : [
          "assignments"
        ]
      },
      {
        "value" : "show all assignments due in 3 weeks"
      },
      {
        "value" : "show all assignments due in 5 months",
        "expressions" : [
          "assignments"
        ]
      },
      {
        "value" : "show all assignments due in the next month",
        "expressions" : [
          "in"
        ]
      },
      {
        "value" : "show all assignments due this month"
      },
      {
        "value" : "show all assignments in the next week",
        "expressions" : [
          "the"
        ]
      },
      {
        "value" : "show me assignments due in the next week"
      },
      {
        "value" : "what do I have due in 5 years"
      },
      {
        "value" : "which assignment is due tomorrow?",
        "expressions" : [
          "what"
        ]
      }
    ],
    "doc" : "User-defined entity",
    "builtin" : false
  }
}